-- phpMyAdmin SQL Dump
-- version 4.9.7
-- https://www.phpmyadmin.net/
--
-- Host: localhost:3306
-- Generation Time: Mar 18, 2022 at 09:07 PM
-- Server version: 10.3.34-MariaDB
-- PHP Version: 7.3.33

SET SQL_MODE = "NO_AUTO_VALUE_ON_ZERO";
SET AUTOCOMMIT = 0;
START TRANSACTION;
SET time_zone = "+00:00";


/*!40101 SET @OLD_CHARACTER_SET_CLIENT=@@CHARACTER_SET_CLIENT */;
/*!40101 SET @OLD_CHARACTER_SET_RESULTS=@@CHARACTER_SET_RESULTS */;
/*!40101 SET @OLD_COLLATION_CONNECTION=@@COLLATION_CONNECTION */;
/*!40101 SET NAMES utf8mb4 */;

--
-- Database: `sadness_websurferdb`
--

-- --------------------------------------------------------

--
-- Table structure for table `taglist`
--

CREATE TABLE `taglist` (
  `id` int(11) NOT NULL,
  `tag_id` int(11) NOT NULL,
  `site_id` int(11) NOT NULL
) ENGINE=InnoDB DEFAULT CHARSET=latin1;

--
-- Dumping data for table `taglist`
--

INSERT INTO `taglist` (`id`, `tag_id`, `site_id`) VALUES
(771, 1, 42),
(774, 1, 43),
(815, 1, 44),
(778, 1, 47),
(825, 1, 50),
(1023, 1, 64),
(1027, 1, 67),
(1030, 1, 68),
(1070, 1, 103),
(1110, 1, 113),
(937, 1, 182),
(935, 1, 183),
(932, 1, 190),
(910, 1, 198),
(921, 1, 199),
(899, 1, 203),
(854, 1, 213),
(850, 1, 214),
(849, 1, 219),
(866, 1, 220),
(808, 1, 227),
(787, 1, 232),
(716, 1, 250),
(711, 1, 252),
(662, 1, 271),
(579, 1, 292),
(570, 1, 296),
(548, 1, 308),
(1166, 1, 315),
(1179, 1, 317),
(1204, 1, 336),
(639, 2, 9),
(658, 2, 28),
(653, 2, 31),
(746, 2, 38),
(978, 2, 71),
(943, 2, 92),
(1152, 2, 125),
(1132, 2, 127),
(1009, 2, 175),
(1007, 2, 176),
(1004, 2, 177),
(1000, 2, 178),
(925, 2, 194),
(901, 2, 204),
(882, 2, 209),
(718, 2, 250),
(699, 2, 257),
(671, 2, 266),
(619, 2, 274),
(615, 2, 275),
(892, 2, 281),
(1193, 2, 332),
(848, 3, 57),
(1013, 3, 173),
(1011, 3, 174),
(725, 3, 244),
(573, 3, 295),
(739, 4, 33),
(743, 4, 35),
(752, 4, 37),
(819, 4, 41),
(817, 4, 44),
(838, 4, 53),
(835, 4, 54),
(842, 4, 56),
(846, 4, 58),
(987, 4, 76),
(1066, 4, 89),
(945, 4, 93),
(1148, 4, 117),
(1123, 4, 133),
(1119, 4, 134),
(1047, 4, 144),
(1020, 4, 154),
(998, 4, 184),
(694, 4, 259),
(685, 4, 261),
(681, 4, 262),
(665, 4, 271),
(1197, 4, 334),
(1222, 4, 338),
(1224, 4, 339),
(1080, 5, 106),
(1115, 5, 114),
(1151, 5, 115),
(875, 5, 221),
(859, 5, 225),
(814, 5, 228),
(807, 5, 229),
(702, 5, 256),
(598, 5, 284),
(588, 5, 290),
(583, 5, 291),
(577, 5, 293),
(571, 5, 296),
(631, 6, 3),
(638, 6, 9),
(1220, 6, 10),
(1069, 6, 98),
(1140, 6, 120),
(1129, 6, 128),
(1102, 6, 138),
(967, 6, 179),
(897, 6, 202),
(797, 6, 231),
(769, 6, 237),
(891, 6, 281),
(1164, 6, 311),
(1225, 6, 340),
(642, 7, 11),
(637, 7, 22),
(648, 7, 23),
(650, 7, 24),
(659, 7, 28),
(657, 7, 29),
(745, 7, 36),
(748, 7, 38),
(791, 7, 39),
(793, 7, 40),
(779, 7, 47),
(822, 7, 49),
(829, 7, 51),
(972, 7, 59),
(977, 7, 62),
(1022, 7, 63),
(984, 7, 69),
(979, 7, 71),
(1034, 7, 77),
(1052, 7, 78),
(1060, 7, 84),
(1063, 7, 85),
(990, 7, 91),
(949, 7, 95),
(952, 7, 96),
(1072, 7, 103),
(1083, 7, 109),
(1150, 7, 116),
(1138, 7, 121),
(1135, 7, 122),
(1133, 7, 127),
(1125, 7, 132),
(1120, 7, 134),
(1118, 7, 135),
(1108, 7, 136),
(1101, 7, 139),
(1097, 7, 141),
(1094, 7, 142),
(1048, 7, 144),
(1091, 7, 145),
(1088, 7, 146),
(1087, 7, 147),
(1042, 7, 150),
(1040, 7, 152),
(1037, 7, 153),
(1012, 7, 174),
(1010, 7, 175),
(1005, 7, 177),
(1002, 7, 178),
(929, 7, 192),
(909, 7, 197),
(911, 7, 198),
(923, 7, 199),
(920, 7, 200),
(900, 7, 203),
(902, 7, 204),
(904, 7, 205),
(887, 7, 207),
(885, 7, 208),
(883, 7, 209),
(855, 7, 213),
(867, 7, 220),
(894, 7, 224),
(812, 7, 226),
(809, 7, 227),
(798, 7, 231),
(789, 7, 232),
(762, 7, 238),
(758, 7, 241),
(720, 7, 246),
(754, 7, 249),
(715, 7, 251),
(708, 7, 254),
(706, 7, 255),
(703, 7, 256),
(691, 7, 260),
(683, 7, 262),
(673, 7, 268),
(668, 7, 269),
(614, 7, 276),
(609, 7, 279),
(607, 7, 280),
(603, 7, 282),
(599, 7, 284),
(589, 7, 290),
(584, 7, 291),
(580, 7, 292),
(578, 7, 293),
(575, 7, 294),
(565, 7, 298),
(564, 7, 299),
(562, 7, 300),
(552, 7, 305),
(551, 7, 306),
(550, 7, 307),
(546, 7, 309),
(1207, 7, 336),
(1209, 7, 337),
(641, 8, 11),
(647, 8, 19),
(777, 8, 47),
(970, 8, 59),
(981, 8, 69),
(1049, 8, 78),
(988, 8, 91),
(950, 8, 96),
(1035, 8, 153),
(931, 8, 190),
(905, 8, 196),
(898, 8, 203),
(709, 8, 253),
(563, 8, 300),
(557, 8, 302),
(554, 8, 304),
(553, 8, 305),
(549, 8, 308),
(547, 8, 309),
(1160, 8, 313),
(1170, 8, 319),
(1194, 8, 334),
(1203, 8, 336),
(1208, 8, 337),
(1093, 9, 143),
(896, 9, 206),
(862, 9, 223),
(606, 9, 280),
(602, 9, 282),
(1057, 10, 83),
(992, 10, 90),
(1085, 10, 111),
(1122, 10, 133),
(1098, 10, 140),
(1043, 10, 149),
(922, 10, 199),
(851, 10, 214),
(786, 10, 233),
(783, 10, 234),
(780, 10, 235),
(724, 10, 244),
(721, 10, 245),
(755, 10, 247),
(695, 10, 258),
(689, 10, 260),
(669, 10, 267),
(666, 10, 270),
(663, 10, 271),
(624, 10, 272),
(618, 10, 274),
(621, 10, 275),
(610, 10, 278),
(600, 10, 283),
(559, 10, 301),
(561, 10, 302),
(744, 11, 36),
(790, 11, 39),
(792, 11, 40),
(1033, 11, 77),
(1051, 11, 78),
(1062, 11, 85),
(1144, 11, 118),
(1141, 11, 119),
(903, 11, 205),
(880, 11, 210),
(893, 11, 224),
(857, 11, 225),
(781, 11, 235),
(756, 11, 247),
(713, 11, 251),
(707, 11, 254),
(626, 11, 272),
(629, 11, 278),
(1169, 11, 318),
(1171, 11, 319),
(1199, 11, 335),
(1221, 11, 338),
(1111, 12, 113),
(643, 13, 17),
(646, 13, 19),
(736, 13, 33),
(740, 13, 35),
(749, 13, 37),
(839, 13, 54),
(844, 13, 58),
(985, 13, 76),
(1064, 13, 89),
(991, 13, 90),
(1147, 13, 117),
(1124, 13, 132),
(1121, 13, 133),
(1100, 13, 139),
(1046, 13, 144),
(1016, 13, 154),
(785, 13, 233),
(698, 13, 258),
(688, 13, 260),
(687, 13, 261),
(1181, 13, 322),
(737, 14, 33),
(741, 14, 35),
(750, 14, 37),
(692, 14, 259),
(733, 15, 13),
(655, 15, 30),
(654, 15, 31),
(735, 15, 32),
(747, 15, 38),
(772, 15, 42),
(775, 15, 43),
(826, 15, 50),
(1025, 15, 64),
(1028, 15, 67),
(1031, 15, 68),
(983, 15, 69),
(1145, 15, 118),
(1142, 15, 119),
(1137, 15, 121),
(1134, 15, 122),
(1153, 15, 125),
(1103, 15, 138),
(968, 15, 179),
(940, 15, 180),
(938, 15, 182),
(936, 15, 183),
(926, 15, 194),
(869, 15, 215),
(864, 15, 222),
(860, 15, 225),
(813, 15, 228),
(788, 15, 232),
(784, 15, 234),
(782, 15, 235),
(723, 15, 245),
(714, 15, 251),
(705, 15, 255),
(627, 15, 272),
(623, 15, 273),
(620, 15, 274),
(611, 15, 277),
(601, 15, 283),
(597, 15, 284),
(596, 15, 285),
(587, 15, 290),
(1163, 15, 312),
(1168, 15, 316),
(1186, 15, 326),
(1187, 15, 327),
(1190, 15, 329),
(1201, 15, 335),
(1228, 15, 341),
(632, 16, 3),
(1130, 16, 128),
(969, 16, 179),
(941, 16, 180),
(764, 16, 239),
(628, 16, 272),
(556, 16, 303),
(732, 19, 13),
(635, 19, 21),
(649, 19, 24),
(661, 19, 26),
(656, 19, 29),
(651, 19, 30),
(652, 19, 31),
(734, 19, 32),
(827, 19, 51),
(841, 19, 56),
(847, 19, 57),
(976, 19, 62),
(1058, 19, 83),
(1068, 19, 98),
(1139, 19, 120),
(1128, 19, 128),
(1105, 19, 137),
(1090, 19, 145),
(1039, 19, 152),
(939, 19, 180),
(934, 19, 190),
(906, 19, 196),
(913, 19, 201),
(868, 19, 215),
(794, 19, 218),
(863, 19, 222),
(765, 19, 240),
(726, 19, 243),
(722, 19, 245),
(717, 19, 250),
(704, 19, 255),
(678, 19, 264),
(674, 19, 265),
(672, 19, 268),
(667, 19, 270),
(625, 19, 272),
(622, 19, 273),
(617, 19, 276),
(890, 19, 281),
(1162, 19, 312),
(1165, 19, 314),
(1167, 19, 316),
(1177, 19, 321),
(1182, 19, 323),
(1191, 19, 331),
(1192, 19, 332),
(644, 20, 17),
(738, 20, 33),
(742, 20, 35),
(751, 20, 37),
(818, 20, 41),
(830, 20, 52),
(837, 20, 53),
(834, 20, 54),
(845, 20, 58),
(974, 20, 61),
(986, 20, 76),
(1067, 20, 88),
(1065, 20, 89),
(947, 20, 95),
(954, 20, 97),
(1126, 20, 131),
(1099, 20, 140),
(1044, 20, 149),
(1019, 20, 154),
(1006, 20, 176),
(997, 20, 184),
(995, 20, 185),
(918, 20, 200),
(873, 20, 221),
(803, 20, 230),
(770, 20, 237),
(761, 20, 238),
(693, 20, 259),
(690, 20, 260),
(684, 20, 261),
(670, 20, 266),
(664, 20, 271),
(566, 20, 297),
(544, 20, 310),
(1178, 20, 321),
(1183, 20, 324),
(1185, 20, 325),
(1188, 20, 328),
(1189, 20, 329),
(1196, 20, 334),
(633, 21, 4),
(634, 21, 5),
(630, 21, 6),
(645, 21, 17),
(636, 21, 21),
(660, 21, 25),
(820, 21, 41),
(832, 21, 52),
(843, 21, 56),
(975, 21, 61),
(1054, 21, 79),
(1056, 21, 80),
(994, 21, 90),
(946, 21, 93),
(948, 21, 95),
(955, 21, 97),
(1075, 21, 104),
(1146, 21, 118),
(1143, 21, 119),
(1154, 21, 125),
(1127, 21, 131),
(1117, 21, 135),
(1106, 21, 137),
(1104, 21, 138),
(1045, 21, 149),
(1014, 21, 173),
(1008, 21, 176),
(1001, 21, 178),
(999, 21, 184),
(996, 21, 185),
(1219, 21, 191),
(919, 21, 200),
(881, 21, 210),
(878, 21, 211),
(852, 21, 214),
(795, 21, 218),
(874, 21, 221),
(861, 21, 223),
(858, 21, 225),
(806, 21, 229),
(767, 21, 236),
(766, 21, 240),
(727, 21, 242),
(712, 21, 252),
(710, 21, 253),
(696, 21, 258),
(686, 21, 261),
(682, 21, 262),
(680, 21, 263),
(676, 21, 265),
(612, 21, 277),
(594, 21, 285),
(574, 21, 295),
(572, 21, 296),
(567, 21, 297),
(560, 21, 301),
(558, 21, 302),
(555, 21, 304),
(545, 21, 310),
(1172, 21, 319),
(1198, 21, 334),
(1202, 21, 335),
(1206, 21, 336),
(1223, 21, 338),
(824, 22, 50),
(1076, 22, 106),
(1113, 22, 114),
(924, 22, 199),
(914, 22, 200),
(853, 22, 213),
(865, 22, 220),
(810, 22, 226),
(799, 22, 230),
(796, 22, 231),
(768, 22, 237),
(759, 22, 238),
(763, 22, 239),
(701, 22, 256),
(679, 22, 263),
(576, 22, 294),
(568, 22, 297),
(1173, 22, 320),
(1078, 23, 106),
(916, 23, 200),
(895, 23, 206),
(886, 23, 207),
(871, 23, 221),
(811, 23, 226),
(805, 23, 229),
(801, 23, 230),
(586, 23, 290),
(1226, 23, 340),
(989, 24, 91),
(1077, 24, 106),
(915, 24, 200),
(870, 24, 221),
(804, 24, 229),
(800, 24, 230),
(1216, 24, 237),
(760, 24, 238),
(677, 24, 264),
(592, 24, 287),
(591, 24, 288),
(590, 24, 289),
(585, 24, 290),
(582, 24, 291),
(1227, 24, 341),
(1079, 25, 106),
(917, 25, 200),
(872, 25, 221),
(802, 25, 230),
(569, 25, 297),
(1175, 25, 320),
(773, 26, 42),
(776, 26, 43),
(816, 26, 44),
(823, 26, 49),
(1026, 26, 64),
(1029, 26, 67),
(1032, 26, 68),
(1073, 26, 103),
(1084, 26, 109),
(1095, 26, 142),
(912, 26, 198),
(697, 26, 258),
(604, 26, 282),
(581, 26, 292),
(1136, 27, 121),
(1107, 27, 136),
(753, 27, 249),
(675, 27, 265),
(613, 27, 276),
(595, 27, 285),
(1200, 27, 335),
(1059, 28, 84),
(1112, 28, 113),
(1086, 28, 147),
(608, 28, 279),
(605, 28, 280),
(1184, 28, 324),
(730, 29, 4),
(729, 29, 5),
(731, 29, 6),
(821, 29, 49),
(828, 29, 51),
(831, 29, 52),
(1024, 29, 64),
(1053, 29, 79),
(1055, 29, 80),
(1109, 29, 82),
(942, 29, 92),
(944, 29, 93),
(1074, 29, 104),
(1041, 29, 150),
(907, 29, 196),
(908, 29, 197),
(757, 29, 241),
(728, 29, 242),
(1211, 29, 318),
(836, 30, 53),
(993, 30, 90),
(953, 30, 97),
(1017, 30, 154),
(840, 31, 54),
(1018, 31, 154),
(1071, 32, 103),
(1180, 32, 317),
(1081, 33, 106),
(879, 33, 211),
(877, 33, 212),
(957, 33, 299),
(956, 33, 306),
(928, 34, 191),
(927, 34, 194),
(876, 34, 217),
(889, 34, 248),
(888, 34, 286),
(884, 35, 208),
(958, 36, 22),
(971, 36, 59),
(973, 36, 61),
(1021, 36, 63),
(982, 36, 69),
(980, 36, 71),
(1050, 36, 78),
(1061, 36, 85),
(951, 36, 96),
(1082, 36, 109),
(1114, 36, 114),
(1149, 36, 116),
(1131, 36, 127),
(1116, 36, 135),
(1096, 36, 141),
(1092, 36, 143),
(1089, 36, 145),
(1038, 36, 152),
(1036, 36, 153),
(1015, 36, 174),
(1003, 36, 177),
(933, 36, 190),
(930, 36, 192),
(1161, 36, 313),
(1174, 36, 320),
(1176, 36, 321),
(1195, 36, 334),
(1205, 36, 336),
(1214, 37, 316),
(1218, 38, 191),
(1217, 38, 219),
(1215, 38, 250),
(1213, 38, 324),
(1210, 38, 329),
(1212, 39, 330);

-- --------------------------------------------------------

--
-- Table structure for table `tags`
--

CREATE TABLE `tags` (
  `id` int(11) NOT NULL,
  `name` varchar(50) NOT NULL
) ENGINE=InnoDB DEFAULT CHARSET=latin1;

--
-- Dumping data for table `tags`
--

INSERT INTO `tags` (`id`, `name`) VALUES
(1, 'community'),
(2, 'music'),
(3, 'fonts'),
(4, 'reading'),
(5, 'site builder'),
(6, 'games'),
(7, 'tools'),
(8, 'art'),
(9, 'software'),
(10, 'databases'),
(11, 'graphics'),
(12, 'forums'),
(13, 'anti-capitalism'),
(14, 'communism'),
(15, 'old-school'),
(16, 'pets'),
(19, 'entertainment'),
(20, 'learning'),
(21, 'resources'),
(22, 'coding'),
(23, 'html'),
(24, 'css'),
(25, 'javascript'),
(26, 'writing'),
(27, 'images'),
(28, 'privacy'),
(29, 'mental health'),
(30, 'anti-imperialism'),
(31, 'anti-racism'),
(32, 'social media alternatives'),
(33, 'web hosting'),
(34, 'personal web'),
(35, 'domains'),
(36, 'creativity'),
(37, 'web discovery'),
(38, 'internet'),
(39, 'history');

-- --------------------------------------------------------

--
-- Table structure for table `websites`
--

CREATE TABLE `websites` (
  `id` int(10) NOT NULL,
  `title` varchar(255) DEFAULT NULL,
  `url` varchar(150) DEFAULT NULL,
  `descr` varchar(255) DEFAULT NULL,
  `category` varchar(25) DEFAULT NULL,
  `pending` int(11) NOT NULL DEFAULT 1
) ENGINE=MyISAM DEFAULT CHARSET=utf8;

--
-- Dumping data for table `websites`
--

INSERT INTO `websites` (`id`, `title`, `url`, `descr`, `category`, `pending`) VALUES
(182, 'posting.cool', 'https://posting.cool', 'an online message board', 'social', 0),
(154, 'READ SETTLERS', 'https://readsettlers.org', 'a full-text copy of the book \"Settlers: The Mythology of the White Proletariat\"', 'serious', 0),
(153, 'Make Sweet', 'https://makesweet.com', 'create customized 3D graphics in your browser', 'useful', 0),
(152, 'WTF should I do with my life', 'https://www.wtfshouldidowithmylife.com', 'a generator that displays activities at random', 'fun', 0),
(149, 'Learn Anything', 'https://learn-anything.xyz', 'a search engine to find technical tutorials', 'useful', 0),
(150, 'The Quiet Place', 'https://thequietplaceproject.xyz/thequietplace', 'a relaxation project', 'healing', 0),
(147, 'Toffee Share', 'https://toffeeshare.com', 'share files privately & securely, without a size limit', 'useful', 0),
(146, 'Tip of my Tongue', 'https://chir.ag/projects/tip-of-my-tongue', 'a tool to help remember the word on the tip of your tongue', 'useful', 0),
(145, 'Scattergories Lists', 'https://swellgarfo.com/scattergories', 'a list generator for Scattergories games', 'fun', 0),
(144, '12ft', 'https://12ft.io', 'a proxy that will remove the paywall on most websites', 'useful', 0),
(142, 'Future Me', 'https://www.futureme.org', 'write an email to your future self', 'fun', 0),
(143, 'ShotCut', 'https://shotcut.com', 'free video editing software for Windows, Mac and Linux', 'useful', 0),
(141, 'Fake Name Generator', 'https://www.fakenamegenerator.com', 'generate a fake name and identity', 'useful', 0),
(140, 'Car Complaints', 'https://www.carcomplaints.com', 'a database of common car issues sorted by make/model', 'useful', 0),
(139, 'Ad Link Bypasser', 'https://thebypasser.com', 'bypass links that require watching an ad before viewing', 'useful', 0),
(137, 'Every Noise', 'https://everynoise.com', 'a huge map of every music genre', 'useful', 0),
(138, 'Vimm\'s Lair', 'https://vimm.net/?p=vault', 'a collection of ROMs for retro video games', 'useful', 0),
(135, 'This to That', 'http://www.thistothat.com', 'a tool to help identify bonding material for attaching one item to another', 'useful', 0),
(136, 'Online OCR', 'https://www.onlineocr.net', 'a tool for extracting text from an image', 'useful', 0),
(134, 'Just the Recipe', 'https://www.justtherecipe.com', 'get just the instructions from any recipe, no life stories', 'useful', 0),
(131, 'Clozemaster', 'https://www.clozemaster.com/languages', 'a tool for learning new languages', 'useful', 0),
(132, 'CamelCamelCamel', 'https://camelcamelcamel.com', 'a browser add-on that tracks Amazon price history', 'useful', 0),
(133, 'ZLibrary', 'https://b-ok.cc', 'a database of free downloadable books', 'useful', 0),
(126, 'Just Trust Me', 'https://matias.ma/nsfw', '????', 'fun', 0),
(127, 'BeepBox', 'https://www.beepbox.co', 'create and share music in your browser', 'useful', 0),
(128, 'Goatlings', 'https://www.goatlings.com', 'a virtual pet game in your browser', 'fun', 0),
(125, 'WinAmp Skins Museum', 'https://skins.webamp.org', 'a collection of WinAmp skins for free use', 'useful', 0),
(122, 'whimsy.space', 'https://whimsy.space', 'an interactive browser-based operating system', 'fun', 0),
(121, 'Ordered Dither Maker', 'https://seleb.github.io/ordered-dither-maker', 'a browser tool that will dither an image', 'useful', 0),
(120, 'Put it on a Pedastal', 'http://www.putitonapedestal.com', 'a drag-and-drop pedestal game for your browser', 'fun', 0),
(118, 'Dollzmania', 'https://dollzmania.neocities.org', 'a website with resources to classic Dollz graphics', 'fun', 0),
(119, 'Glitter Graphics', 'https://www.glitter-graphics.com', 'a collection of old glitter graphics', 'useful', 0),
(117, 'Crush Capitalism', 'https://crushcapitalism.com', 'simplified summaries and reading guides about capitalism', 'serious', 0),
(116, 'Trianglify', 'https://trianglify.io', 'generate a low-poly triangle pattern', 'useful', 0),
(114, 'mmm.page', 'https://build.mmm.page', 'a drag and drop page builder in your browser', 'useful', 0),
(115, 'hotglue.me', 'https://hotglue.me', 'a drag and drop page builder in your browser', 'useful', 0),
(113, 'crystal.cafe', 'https://crystal.cafe', 'an anonymous message board for girls and women', 'social', 0),
(111, 'Premium Wordpress Plugins', 'https://gpldl.com/repository/premium-wordpress-plugins', 'a database of premium Wordpress plugins', 'useful', 0),
(109, 'Magnet Poetry', 'https://sadgrl.online/magnet-poetry', 'make magnet poetry in your browser', 'useful', 0),
(106, 'Neocities', 'https://neocities.org', 'a free static website host, build your own website with HTML and CSS', 'social', 0),
(104, 'Self Keeping', 'https://thedigitaldiarist.ca/writing/selfkeeping/thelittlethings.html', 'a webpage for self-care and self-keeping tips', 'healing', 0),
(103, 'Listography', 'https://listography.com', 'a social network for listmaking', 'useful', 0),
(98, 'NoClip', 'https://noclip.website', 'explore iconic video game environments in your browser', 'fun', 0),
(97, 'Native Land', 'https://native-land.ca', 'an interactive map of indigenous nations', 'serious', 0),
(95, 'Muscle Wiki', 'https://musclewiki.com', 'a tool where you can select an area of your body and it will tell you which muscles are there (and how to stretch them)', 'useful', 0),
(96, 'Color Palette Generator', 'https://www.degraeve.com/color-palette', 'generate a color palette from an image', 'useful', 0),
(93, 'Self Care Guide', 'https://philome.la/jace_harr/you-feel-like-shit-an-interactive-self-care-guide/play/index.html', 'an interactive guide to self-care', 'healing', 0),
(91, 'Randoma11y', 'https://randoma11y.com', 'randomly generated duotine high-contrast color combinations', 'useful', 0),
(92, 'misty/cafe', 'https://misty.cafe', 'cafe ambience and background music', 'healing', 0),
(90, 'Little Sis', 'https://littlesis.org', 'a grassroots watchdog network connecting the dots between the world\'s most powerful people and organizations', 'serious', 0),
(88, 'If It Were My Home', 'https://www.ifitweremyhome.com', ' compare living conditions in your own country to those of another', 'serious', 0),
(89, 'Wealth Shown to Scale', 'https://mkorostoff.github.io/1-pixel-wealth', 'a graphic of wealth shown to scale', 'serious', 0),
(85, 'Polotno Studio', 'https://studio.polotno.dev', 'a graphics creation tool for the browser, similar to Canva', 'useful', 0),
(84, 'Blacklight', 'https://themarkup.org/blacklight', 'a realtime web-privacy inspector', 'useful', 0),
(82, 'Tree.FM', 'https://www.tree.fm', 'listen to a random forest', 'healing', 0),
(83, 'What\'s on Netflix', 'https://www.whats-on-netflix.com/library/', 'an up-to-date database of which movies and shows are currently on Netflix', 'useful', 0),
(80, 'Pixel Thoughts', 'https://pixelthoughts.co', 'a 60-second meditation to help clear your mind', 'healing', 0),
(79, 'Xhalr', 'https://xhalr.com', 'a breathing guide for use with meditation and relaxation', 'healing', 0),
(78, 'Text to ASCII', 'https://patorjk.com/software/taag/', 'create ASCII text from regular text', 'useful', 0),
(77, 'Remove BG', 'https://www.remove.bg', 'remove the background from any image', 'useful', 0),
(76, 'Essays on Capitalism', 'https://github.com/dessalines/essays/blob/master/capitalism_doesnt_work.md', 'essays about capitalism', 'serious', 0),
(71, 'Acapella Extractor', 'https://www.acapella-extractor.com', 'extract an acapella from any song', 'useful', 0),
(69, 'Postbox Garden', 'https://postbox.garden', 'an imageboard for postcards', 'social', 0),
(68, 'comfy.chat', 'https://www.comfy.chat', 'a comfy anonymous themed imageboard', 'social', 0),
(67, 'The Park', 'http://www.citypark.world', 'an anonymous textboard', 'social', 0),
(64, 'Post Office', 'https://afternoon.dynu.com', 'an anonymous textboard for people who like to relax', 'social', 0),
(63, 'Tools for Creating Ideas', 'http://creatingminds.org/tools/tools_ideation.htm', 'a list of ways to come up with ideas when you\'re stuck', 'useful', 0),
(62, 'MyNoise', 'https://mynoise.net/noiseMachines.php', 'a collection of noise machines to create your own background', 'useful', 0),
(61, 'Untools', 'https://untools.co', 'a list of tools for better thinking', 'useful', 0),
(58, 'Anticapitalism FAQ', 'http://anticapitalismfaq.com', 'a FAQ about anticapitalism', 'serious', 0),
(59, 'Photopea', 'https://photopea.com', 'a photoshop clone for your browser', 'useful', 0),
(56, 'MasterWiki', 'https://masterwiki.how', 'stolen from MasterClass, republished as WikiHow', 'useful', 0),
(57, 'Comic Sans Appreciation Society', 'https://www.comicsans.love', 'a website dedicated to appreciating Comic Sans', 'fun', 0),
(54, 'U.S. Hate Crimes', 'https://github.com/dessalines/essays/blob/master/us_hate_crimes.md', 'a list of hate crimes committed by the U.S.', 'serious', 0),
(53, 'U.S. Atrocities', 'https://github.com/dessalines/essays/blob/master/us_atrocities.md', 'a list of atrocities committed by the U.S.', 'serious', 0),
(52, 'How to Meditate', 'https://www.dhammatalks.org/books/WithEachAndEveryBreath/Section0004.html', 'an introductory guide on how to meditate', 'healing', 0),
(51, 'Purrli', 'https://purrli.com/', 'ASMR with cat purrs', 'healing', 0),
(50, 'SpaceHey', 'https://spacehey.com/', 'a fully operational and maintained Myspace clone', 'social', 0),
(49, 'VentScape', 'https://www.ventscape.life', 'an interactive website for venting', 'healing', 0),
(47, 'Multiverse Plus', 'https://multiverse.plus', 'a social website where you can create customized \'comics\'', 'social', 0),
(44, NULL, 'https://midnight.pub', '', 'social', 0),
(184, 'Yesterweb', 'https://yesterweb.org', 'a community dedicated to making the internet a better place', 'social', 0),
(43, 'Gossip\'s Cafe', 'https://gossips.cafe', 'a chatroom that is only open certain times of the day', 'social', 0),
(42, 'Bus Stop', 'https://bus-stop.net', 'an anonymous message board', 'social', 0),
(41, '9/11 Realtime', 'https://911realtime.org', 'a multimedia experiment of 9/11 coverage in your browser', 'serious', 0),
(40, 'PhotoMosh', 'https://photomosh.com', 'add glitchy gif effects to images', 'useful', 0),
(39, 'WaifuLabs', 'https://waifulabs.com', 'generate anime girls with AI', 'fun', 0),
(38, 'PoolSuite', 'https://poolsuite.net', 'a retro-styled music player webpage', 'fun', 0),
(37, 'Red Texts', 'https://redtexts.org', 'communist text files', 'serious', 0),
(36, 'Bead Letter Bracelet Maker', 'https://o-o-o-o-o-o-o-o-o-o-o-o.net', 'make a bead-letter bracelet in your browser', 'fun', 0),
(35, 'marxist.space', 'https://marxist.space', 'a list links to Marxist resources', 'serious', 0),
(33, 'Free Leftist Zines', 'https://justsomeantifas.tumblr.com/zines', 'a collection of free Leftist zines available to download', 'serious', 0),
(32, 'YTMND', 'https://ytmnd.com', 'an iconic website from the early 00s', 'fun', 0),
(31, 'iPod.js', 'https://tannerv.com/ipod', 'an iPod classic in your browser', 'fun', 0),
(30, 'WinXP', 'https://winxp.vercel.app', 'Windows XP in your browser', 'fun', 0),
(29, 'Typohound', 'https://typohound.com', 'a tool that searches eBay by misspelled listings', 'useful', 0),
(28, 'WinAmpify', 'https://winampify.io', 'listen to Spotify through WinAmp on browser (premium only)', 'fun', 0),
(26, 'Sandspiel', 'https://sandspiel.club', 'create a mini ecosystem in your browser', 'fun', 0),
(25, 'An Idea for a Website', 'https://anideafora.website', 'a generator that displays an idea for building a website when refreshed', 'fun', 0),
(24, 'Default File Name TV', 'https://default-filename-tv.neocities.org', 'a website that plays from YouTube videos with the default filename', 'fun', 0),
(23, 'Domino', 'https://kool.tools/domino', 'a tool for organizing spatial workflows/ideas', 'useful', 0),
(22, 'Kinopio', 'https://kinopio.club', 'a tool for organizing workflows and ideas', 'useful', 0),
(21, 'Snack Data', 'https://snackdata.com', 'a website with data on every snack', 'fun', 0),
(19, 'Medical Bill Art', 'https://medicalbill.art', 'an art gallery made up of medical bills', 'serious', 0),
(17, 'Incarceration in Real Numbers', 'https://mkorostoff.github.io/incarceration-in-real-numbers', 'a visualization of incarceration in America', 'serious', 0),
(13, 'REMOJI', 'https://remoji.com', 'an emoji party in your browser', 'fun', 0),
(11, 'KidPix', 'https://kidpix.app', 'KidPix in your browser', 'fun', 0),
(10, 'Tarot-o-Bot', 'https://tarotobot-reboot.illo.tv', 'a bot that pulls tarot cards', 'fun', 0),
(9, 'Bemuse', 'https://bemuse.ninja', 'a browser-based rhythm game', 'fun', 0),
(6, 'Feelu Now', 'https://feelu.now.sh', 'an interactive wheel of emotions', 'healing', 0),
(5, 'Here and Now', 'https://here-and-now.glitch.me', 'an internet reflection space', 'healing', 0),
(4, 'Emotional Codes', 'https://emotional.codes', 'helpful resources for emotional problems', 'healing', 0),
(3, 'DragCave', 'https://dragcave.net', 'an adoptables game with dragons', 'fun', 0),
(173, 'Bitmap Fonts', 'http://www.dsg4.com/04/extra/bitmap/index.html', 'a collection of tiny bitmap fonts', 'useful', 0),
(174, 'BitFontMaker', 'https://pentacom.jp/pentacom/bitfontmaker2/', 'a bitmap font maker for your browser', 'useful', 0),
(175, 'AutoChords', 'https://autochords.com', 'a tool for generating chords in a specific key', 'useful', 0),
(176, 'Music Theory', 'https://musictheory.net', 'an introductory interactive course on music theory', 'useful', 0),
(177, 'Jummbus', 'https://jummbus.bitbucket.io', 'make music in your browser', 'useful', 0),
(178, 'Citizen DJ Labs', 'https://citizen-dj.labs.loc.gov', 'a collection of free-to-use sounds and mixing audio', 'useful', 0),
(179, 'WebNeko', 'https://webneko.net', 'a script to add a little kitty that chases your cursor on a webpage', 'fun', 0),
(180, 'GifyPet', 'https://gifypet.neocities.org', 'an interactive virtual pet for your website', 'fun', 0),
(183, 'MelonLand Forum', 'https://forum.melonking.net', 'an old-school-styled social forum', 'social', 0),
(185, 'straw.page', 'https://straw.page', 'a drag and drop page builder that works on mobile', 'useful', 0),
(190, 'MSPFA', 'https://mspfa.com/', 'Library of MS Paint Fan Adventures (homestucklikes)', 'fun', 0),
(191, 'Sadgrl.online', 'https://sadgrl.online/', 'a personal site about the internet', 'personal', 0),
(192, 'Seventh Sanctum', 'https://www.seventhsanctum.com/', 'An idea generator website. Good for creating new characters and getting prompts for stories.', 'useful', 0),
(194, 'Wendy Carlos HomePage', 'https://www.wendycarlos.com/', 'permanently-90s homepage by synth pioneer Wendy Carlos, with information on her music and other passions.', 'personal', 0),
(217, 'Gabe\'s site', 'https://gabe.rocks', 'A small space for my passions', 'personal', 0),
(196, 'Short Trip', 'https://alexanderperrin.com.au/paper/shorttrip/#', 'Beautiful hand-drawn animated tram ride. Just hold left or right to move. Stop at the station to let the hand drawn cute cats to sit inside!', 'healing', 0),
(197, 'Pronoun Dressing Room', 'http://www.pronouns.failedslacker.com/', 'Test different pronouns to discover what feels most comfortable!', 'useful', 0),
(198, 'myWriteClub', 'https://www.mywriteclub.com/beta/', 'Keep track of your progress as you work toward your writing goals. You can work solo or with others!', 'useful', 0),
(199, 'Perchance', 'https://perchance.org/welcome', 'Perchance is a platform for creating and sharing random text generators. \r\n', 'fun', 0),
(200, 'Web Gems', 'https://webgems.io/', 'Hundreds of educational resources and useful tools for Web Development', 'useful', 0),
(201, 'Crouton', 'https://crouton.net/', 'Crouton.', 'fun', 0),
(202, 'AI Dungeon', 'https://play.aidungeon.io/', 'An AI-generated interactive text adventure', 'fun', 0),
(203, 'aggie.io', 'https://aggie.io', 'A collaborative painting tool', 'social', 0),
(204, 'Sampulator', 'http://sampulator.com/', 'A Garage-Band style sequencer for your browser', 'useful', 0),
(205, 'DownThemAll', 'https://www.downthemall.net/', 'a browser extension for downloading every graphic from a webpage', 'useful', 0),
(206, 'HTTrack', 'https://www.httrack.com/', 'Software for Windows/Linux that will crawl and locally archive a website for you', 'useful', 0),
(207, 'Single File', 'https://github.com/gildas-lormeau/SingleFile', 'A browser extension that will save an entire website locally as a .html file.', 'useful', 0),
(208, 'PorkBun', 'https://porkbun.com/', 'Cheap domains with free domain privacy and email forwarding', 'useful', 0),
(209, 'SCMPlayer', 'https://www.scmplayer.net/', '\r\nA music player that automatically loads across of your website pages', 'useful', 0),
(210, 'Web Badges World', 'https://web.badges.world/', 'a huge collection of web badges to display on your site', 'useful', 0),
(211, 'Cheap VPS Hosts', 'https://bytemoth.neocities.org/dive/lebrevps.txt', 'A list of some of the cheapest VPS hosting available', 'useful', 0),
(212, 'TinyKVM', 'https://tinykvm.com/', 'a very small, cheap KVM host', 'useful', 0),
(213, 'Pollcode', 'https://pollcode.com/', 'a site to make your own polls for your website viewers', 'useful', 0),
(214, 'Freecycle', 'https://www.freecycle.org/', 'a website that hosts a place for you to locally list something you\'re looking for, or giving away for free. usually done via pickups and dropoffs', 'useful', 0),
(215, 'FogCam!', 'https://fogcam.org/', 'The world\'s oldest webcam. Live San Francisco views since 1994.', 'fun', 0),
(218, 'Nose Club', 'https://noseclub.bluwiikoon.art/', 'A Pokemon fansite with cute art, fanfics, art guides, and other Pokemon-y things.', 'fun', 0),
(219, 'Yesterweb Social', 'https://social.yesterweb.org/', 'a mastodon server for the yesterweb', 'social', 0),
(220, 'Yesterweb Gemini Proxy', 'https://yesterweb.org/gemini.html', 'a proxy that can load gemini:// pages over https', 'useful', 0),
(221, 'Interneting is Hard', 'https://www.internetingishard.com/', 'web development tutorials for complete beginners', 'useful', 0),
(222, 'Toonami Aftermath', 'https://www.toonamiaftermath.com/', 'a website that streams old Toonami shows (and other cartoons) 24/7', 'fun', 0),
(223, 'Old Version', 'http://www.oldversion.com/', 'locate old versions of software', 'useful', 0),
(224, 'EZ Gif', 'https://ezgif.com/', 'create and edit gifs in your browser', 'useful', 0),
(225, 'Lovely Designs', 'http://www.lovelyd.shukuya.com/', 'an old school layout site', 'useful', 0),
(226, 'boxboxhtml', 'https://seansleblanc.itch.io/boxboxhtml', 'a tool to help design a website layout that exports to HTML', 'useful', 0),
(227, 'cbox', 'https://www.cbox.ws/', 'a free chatbox that can be embedded on a website', 'social', 0),
(228, 'HALCYON Layouts', 'https://halcyon.candyrain.org/LAYOUTS/layouts.php', 'old-school style anime layouts for websites', 'useful', 0),
(229, 'TooPlate', 'https://www.tooplate.com/', 'modern html/css templates for free usage', 'useful', 0),
(230, 'Learn Webcrafting', 'https://learn.sadgrl.online/', 'a series of website building guides by Sadness', 'useful', 0),
(231, 'Bitsy', 'http://ledoux.io/bitsy/editor.html', 'an editor for creating minimal video games', 'useful', 0),
(232, 'Escargot', 'https://escargot.chat/', 'a service that makes MSN messenger work again', 'social', 0),
(233, 'Marginalia', 'https://search.marginalia.nu/', 'an independent search engine for non-commercial content', 'useful', 0),
(234, 'Wiby', 'https://wiby.me/', 'a search engine for the classic web', 'useful', 0),
(235, 'GifCities', 'https://gifcities.org/', 'a collection of archived gifs from Geocities', 'fun', 0),
(236, 'WebPage List', 'https://webpagelist.com/', 'a list of webpages and free resources', 'useful', 0),
(237, 'Flexbox Froggy', 'https://flexboxfroggy.com/', 'a game to assist with learning flexbox', 'useful', 0),
(238, 'CSS Grid Garden', 'https://cssgridgarden.com/', 'a game for learning how to use CSS Grid', 'useful', 0),
(239, 'VS Code Pets', 'https://marketplace.visualstudio.com/items?itemName=tonybaloney.vscode-pets', 'an extension for VS code which gives you a little pet', 'fun', 0),
(240, 'Piracy Megathread', 'https://notabug.org/TheChumBucket/PiracySubreddit/src/master/wiki/megathread.md', 'a megathread about piracy', 'useful', 0),
(241, 'Stress Analyst', 'http://www.relaxonline.me.uk/sa1/index.html', 'if you\'ve just had a stressful experience then this interactive page will help you calm down and get over it', 'healing', 0),
(242, 'Mental Health Resources', 'https://mentalillnessmouse.wordpress.com/helpfulresources/#_=_', 'a large list of mental health resources', 'healing', 0),
(243, 'Crystal Ball', 'https://www.oproot.com/ball/', 'a crystal ball with wisdom from beyond', 'fun', 0),
(244, 'Velvetyne', 'http://velvetyne.fr/', 'free and open source fonts', 'useful', 0),
(245, 'Web Design Museum', 'https://www.webdesignmuseum.org/', 'a catalog of trends in old web design', 'fun', 0),
(246, 'FlowCV', 'https://flowcv.io/', 'free CV builder in your browser', 'useful', 0),
(247, 'Poly Pizza', 'https://poly.pizza/', 'a database of free-to-use low-poly graphics', 'useful', 0),
(248, 'fLaMEdFury', 'https://flamedfury.com', 'A collection of stuff that means everything to me and probably nothing to you!', 'personal', 0),
(249, 'Bulk Resize Photos', 'https://bulkresizephotos.com/', 'A free way to quickly bulk resize photos. It will even add padding to make sure the image isn\'t squished at those dimensions!', 'useful', 0),
(250, 'Yesterweb Live Radio', 'https://yesterweb.org/radio ', 'a free internet radio that plays indie music and internet-related interviews and programming', 'fun', 0),
(251, 'Sadgrl\'s 88x31 Button Maker', 'https://sadgrl.online/projects/88x31-button-maker.html', 'a browser-based tool to help you create a custom 88x31 button', 'useful', 0),
(252, 'Gossip\'s Web', 'https://gossipsweb.net/', 'a directory of independent and creative websites', 'useful', 0),
(253, 'The Models Resource', 'https://www.models-resource.com/', 'A website where you can download and study 3D models, textures, and sounds from video games! Very useful for analyzing low poly modeling. ', 'useful', 0),
(254, 'Video Ascii Art', 'http://www.kickjs.org/example/video_ascii_art/Video_Ascii_Art.html', 'play a video as ascii art!', 'fun', 0),
(255, 'StumblingOn', 'https://stumblingon.com/', 'click on \'stumble\' to get a random webpage', 'useful', 0),
(256, 'Glitch', 'https://glitch.com/', 'a web hosting service that offers unlimited free static websites', 'useful', 0),
(257, 'SomaFM', 'https://somafm.com/', 'commercial-free underground/alternative radio', 'fun', 0),
(258, 'Who Pays Writers', 'http://whopayswriters.com/#/results', 'an anonymous, crowd-sourced list of which publications pay freelance writers - and how much', 'useful', 0),
(259, 'massline.info', 'http://massline.info/', 'a site devoted to the mass line and having a mass perspective (maoism)', 'serious', 0),
(260, 'Climate Explorer', 'https://crt-climate-explorer.nemac.org/', 'explore how climate is projected to change in any county in the United States', 'serious', 0),
(261, 'Memory Work', 'https://memory-work.com/', 'a research-based scenario, indicating possible futures of women’s labour', 'serious', 0),
(262, 'A Book Like Foo', 'https://abooklikefoo.com/escape', 'break your literary echo chamber by finding books you are statistically unlikely to read', 'useful', 0),
(263, 'Reverse Interview', 'https://github.com/viraptor/reverse-interview', 'a list of interview questions which may be interesting to a tech job applicant', 'useful', 0),
(264, 'CSS Puns', 'https://saijogeorge.com/css-puns/', 'puns about CSS', 'fun', 0),
(265, 'This X Does Not Exist', 'https://thisxdoesnotexist.com/', 'a collection of AI generated photos of... everything you can possibly imagine', 'useful', 0),
(266, 'Learning Music', 'https://learningmusic.ableton.com/', 'an interactive course that teaches you how to make music', 'useful', 0),
(267, 'Subreddit Stats', 'https://subredditstats.com/', 'statistics for every subreddit', 'useful', 0),
(268, 'Dungeon Scrawl', 'https://probabletrain.itch.io/dungeon-scrawl', 'an interactive tool for mapping dungeon layouts', 'useful', 0),
(269, 'Screen Share Party', 'https://ba.net/screen-share-party/#6220874879569449', 'a free no-install no-registration screensharing app', 'social', 0),
(270, 'href.cool', 'https://href.cool/', 'a curated list of interesting and unique websites', 'useful', 0),
(271, 'Ninfex', 'https://www.ninfex.com/', 'a \"people powered\" search engine, powered by user submissions', 'useful', 0),
(272, 'Diabella Loves Cats', 'http://diabellalovescats.com/', 'Vintage cat graphics since 1997', 'fun', 0),
(273, 'Perpetual Calendar by Olia Lialia', 'https://haveagood.today/', 'An infinite calendar of cheesy vintage web graphics', 'fun', 0),
(274, 'Geocities Midi Collection', 'https://archive.org/details/archiveteam-geocities-midi-collection-2009', 'a collection of midis archived from Geocities', 'fun', 0),
(275, 'SNES Soundfonts', 'https://www.williamkage.com/snes_soundfonts/', 'downloads of soundfonts from SNES games', 'fun', 0),
(276, 'Death Generator', 'https://deathgenerator.com/', 'a website where you can put custom text over classic video game dialogue images', 'fun', 0),
(277, 'Erowid', 'https://erowid.org/', 'a classic website with information about various drugs', 'useful', 0),
(278, 'Ichigo Directory', 'https://directory.cinni.net/', 'a directory of cute pixel graphics websites', 'fun', 0),
(279, 'Goatcounter', 'https://www.goatcounter.com/', 'a privacy-friendly alternative to Google Analytics for your website', 'useful', 0),
(280, 'RiseUp VPN', 'https://riseup.net/vpn', 'a free VPN for Windows, Mac and Linux', 'useful', 0),
(281, 'ilai.link', 'http://www.ilai.link', 'super futuristic website by the artist 11ai with endless pages 2 explore. a lot of music/sound making games and net art pieces like music visualizers. ', 'fun', 0),
(282, 'Notion.so', 'https://notion.so/', 'an free cloud-based online notetaking and knowledge management tool', 'useful', 0),
(283, 'CARI Institute', 'https://cari.institute/', 'Consumer Aesthetics Research Institute, a website that catalogs aesthetics by year', 'useful', 0),
(284, 'Protopage', 'https://www.protopage.com/', 'customize your own browser start page for free', 'useful', 0),
(285, 'Animated Gif Net', 'https://www.animatedgif.net/index.html', 'A old collection of gifs~', 'useful', 0),
(286, 'lime360 entertainment', 'https://lime360.neocities.org/', 'lime360\'s homepage, with some fun stuff', 'personal', 0),
(287, '98.css', 'https://jdan.github.io/98.css/', 'a Windows 98 UI made with CSS', 'fun', 0),
(288, 'XP.css', 'https://botoxparty.github.io/XP.css/', 'a Windows XP UI made with CSS', 'fun', 0),
(289, '7.css', 'https://khang-nd.github.io/7.css/', 'a Windows 7 UI made with CSS', 'fun', 0),
(290, 'ThemeKings', 'http://themekings.net/', 'Old school HTML and CSS layouts', 'useful', 0),
(291, 'Layoutit Grid', 'https://grid.layoutit.com/', 'A visual interactive tool to create layouts with CSS Grid', 'useful', 0),
(292, 'bashblog', 'https://github.com/cfenollosa/bashblog', 'a highly customizable blogging tool for Neocities (supporter only)', 'useful', 0),
(293, 'Odie', 'http://odie.us/', 'create a website with a public Google Doc', 'useful', 0),
(294, 'Webmaker.app', 'https://webmaker.app/', 'an offline alternative to CodePen', 'useful', 0),
(295, 'Old School PC Fonts', 'https://int10h.org/oldschool-pc-fonts/', 'an old-school PC font pack', 'fun', 0),
(296, 'TiddlyWiki', 'https://tiddlywiki.com/', 'a static HTML wiki builder', 'useful', 0),
(297, 'You Don\'t Need JS', 'https://github.com/you-dont-need/You-Dont-Need-JavaScript', 'A list of Javascript-y things you can do with CSS', 'useful', 0),
(298, 'Neocities Profile Bookmarklet', 'https://jameso2.neocities.org/tools/neocities-profile-Bookmarklet.html', 'a bookmarket that makes it easy to view neocities profiles (if no custom domain)', 'useful', 0),
(299, 'Github Pages', 'https://pages.github.com/', 'Create static websites from GitHub repos', 'useful', 0),
(300, 'PicMix', 'https://en.picmix.com/', 'a graphics glitter-ifyer, good alternative to Blingee', 'fun', 0),
(301, 'Smileys', 'http://www.mazeguy.net/smilies.html', 'a collection of old smileys', 'fun', 0),
(302, 'Internet Bumper Stickers', 'http://www.internetbumperstickers.com/', 'a collection of bumper sticker graphics for your website', 'fun', 0),
(303, 'Tamanotchi World', 'https://tamanotchi.world/', 'virtual pets you can embed on your website', 'fun', 0),
(304, 'Transparent Textures', 'https://www.transparenttextures.com/', 'a filterable collection of transparent textures', 'useful', 0),
(305, 'Repeater', 'https://www.richardwestenra.com/repeater/', 'create tiled backgrounds from images in your browser', 'useful', 0),
(306, 'ArchiveBox', 'https://github.com/ArchiveBox/ArchiveBox', 'a tool for open-source self-hosted web archiving', 'useful', 0),
(307, 'TumblThree', 'https://github.com/TumblThreeApp/TumblThree', 'a tool for archiving all data from Tumblr and Twitter accounts in one click', 'useful', 0),
(308, 'Excalidraw', 'https://excalidraw.com/', 'a virtual collaborative whiteboard', 'social', 0),
(309, 'PixelArt CSS', 'https://www.pixelartcss.com/', 'A tool to create pixel art and then convert it to CSS', 'fun', 0),
(310, 'Succeed Socially', 'https://www.succeedsocially.com/', 'a free guide on social skills and overcoming shyness and insecurities for adults and older teenagers', 'useful', 0),
(311, 'Cookie Consent Speedrun', 'https://cookieconsentspeed.run/', '(try to) reject all cookies', 'fun', 0),
(312, 'Skytopia', 'https://www.skytopia.com/', 'a colorful webpage to explore and discover unique things', 'fun', 0),
(313, 'Bloom3D', 'https://bloom3d.com/', 'create quick and easy 3d designs in your browser', 'useful', 0),
(314, 'emojitracker', 'https://emojitracker.com/', 'see the most popular emoji used in realtime (based on twitter data)', 'fun', 0),
(315, 'Two Cans and String', 'https://twocansandstring.com/', 'ask and answer questions anonymously, and chat with random people (sign up required)', 'social', 0),
(316, 'Wilderness Land', 'https://wilderness.land/', 'a website that\'s a giant map with over 500 interesting or unique websites hidden as links throughout it', 'fun', 0),
(317, 'status.cafe', 'https://status.cafe', 'your friends\' status', 'social', 0),
(318, 'Drawing Garden', 'https://drawing.garden/', 'a small web app to help you relax while you draw a garden', 'healing', 0),
(319, 'Texture Town', 'https://textures.neocities.org/', 'textures for websites and 3d worlds', 'useful', 0),
(320, 'A Random Site', 'https://arandomsite.neocities.org/', 'The most random est site ever.', 'personal', 0),
(321, 'Neal Fun', 'https://neal.fun/', 'a webpage featuring a variety of interactive content', 'fun', 0),
(322, 'Test', 'https://website.com', 'Test', 'serious', 1),
(323, 'Map of Reddit', 'https://anvaka.github.io/map-of-reddit/?x=255000&y=381000&z=1231248.9168102785', 'an interactive map of subreddits', 'fun', 0),
(324, 'Metabook', 'https://metabook.fyi/', 'a web statement against meta (aka facebook)', 'serious', 0),
(325, 'Approved, or Not Approved', 'https://approvednotapproved.com/', 'a project to to help understand how advertising guidelines might disservice your needs', 'serious', 0),
(326, 'Eeerik', 'http://eeerik.com/', 'a really cool interactive web portal designed like an OS', 'fun', 0),
(327, 'Deleted City', 'http://deletedcity.net/', 'an interactive map of Geocities', 'fun', 0),
(328, 'How Many Plants', 'https://howmanyplants.com/', 'an illustrated ad-free guide to plant care', 'useful', 0),
(329, 'Cyberfeminism Index', 'https://cyberfeminismindex.com/about/', 'an in-progress online collection of resources for techno-critical works from 1990–2020', 'serious', 0),
(330, 'Food Timeline', 'https://www.foodtimeline.org/', 'a comprehensive timeline of food history', 'fun', 0),
(331, 'Nobody Live', 'https://nobody.live/', 'a website that shows links to streams where no one is watching', 'fun', 0),
(332, 'Panther', 'http://panther.audio/', 'discover new music through infinite recommendations', 'useful', 0),
(333, 'Femur Design', 'https://femurdesign.com/theremin/', 'music', '', 1),
(334, 'Ryan\'s hallways', 'https://vastrecs.neocities.org', 'personal site with artists, music, stories, and links that i like except it\'s also written like you\'re in a strange hallway. also has a page for pinoy language and literature and a tma fansite (both under construction)', 'personal', 0),
(335, 'Blinki.es', 'https://blinki.es/', 'Blinkies resource, has been operating since 2010!', 'useful', 0),
(336, 'Magma studio ', 'https://magmastudio.io/', 'a browser art collaboration tool (similar to aggie.io)', 'social', 0),
(337, 'Whiteboard fox', 'https://r3.whiteboardfox.com/', 'a browser collaboration tool with limited colours.', 'social', 0),
(338, 'Archives Design', 'https://archives.design/', 'a digital archive of graphic design related items', 'useful', 0),
(339, 'HTFMAT', 'https://francescoimola.github.io/htfmat/', 'is part of an ongoing project articulating personal ideas of home, what (and who) makes one, and how to find meaning living inbetween homes', 'healing', 0),
(340, 'Grotto', 'https://grotto.wileywiggins.com/', 'an experimental web space that treats html pages as rooms that human players navigate in real time', 'social', 0),
(341, 'After Dark CSS', 'https://www.bryanbraun.com/after-dark-css/', 'a collection of old After Dark screensavers... in CSS', 'fun', 0),
(342, 'Jeremy Sarber', 'https://jeremysarber.com', 'After pastoring two churches and planting a third, my family and I now reside in the Midwest, where I work as a funeral home chaplain and preneed advisor. More importantly, I’m a husband, father, and disciple of Christ.', 'personal', 1);

--
-- Indexes for dumped tables
--

--
-- Indexes for table `taglist`
--
ALTER TABLE `taglist`
  ADD PRIMARY KEY (`id`),
  ADD KEY `tag_id` (`tag_id`,`site_id`),
  ADD KEY `site_id` (`site_id`);

--
-- Indexes for table `tags`
--
ALTER TABLE `tags`
  ADD PRIMARY KEY (`id`);

--
-- Indexes for table `websites`
--
ALTER TABLE `websites`
  ADD PRIMARY KEY (`id`);

--
-- AUTO_INCREMENT for dumped tables
--

--
-- AUTO_INCREMENT for table `taglist`
--
ALTER TABLE `taglist`
  MODIFY `id` int(11) NOT NULL AUTO_INCREMENT, AUTO_INCREMENT=1229;

--
-- AUTO_INCREMENT for table `tags`
--
ALTER TABLE `tags`
  MODIFY `id` int(11) NOT NULL AUTO_INCREMENT, AUTO_INCREMENT=40;

--
-- AUTO_INCREMENT for table `websites`
--
ALTER TABLE `websites`
  MODIFY `id` int(10) NOT NULL AUTO_INCREMENT, AUTO_INCREMENT=343;
COMMIT;

/*!40101 SET CHARACTER_SET_CLIENT=@OLD_CHARACTER_SET_CLIENT */;
/*!40101 SET CHARACTER_SET_RESULTS=@OLD_CHARACTER_SET_RESULTS */;
/*!40101 SET COLLATION_CONNECTION=@OLD_COLLATION_CONNECTION */;
